,did,n_species,sampling_scheme,seq_depth,ground_truth,n_timeseries,noise_scale,n_timepoints
0,0,3,even,high,3_sp_gt_1,5,0.01,5
0,1,3,even,high,3_sp_gt_1,10,0.01,5
0,2,3,even,high,3_sp_gt_1,50,0.01,5
0,3,3,even,high,3_sp_gt_1,5,0.01,10
0,4,3,even,high,3_sp_gt_1,10,0.01,10
0,5,3,even,high,3_sp_gt_1,50,0.01,10
0,6,3,even,high,3_sp_gt_1,5,0.01,15
0,7,3,even,high,3_sp_gt_1,10,0.01,15
0,8,3,even,high,3_sp_gt_1,50,0.01,15
0,9,3,even,high,3_sp_gt_1,5,0.05,5
0,10,3,even,high,3_sp_gt_1,10,0.05,5
0,11,3,even,high,3_sp_gt_1,50,0.05,5
0,12,3,even,high,3_sp_gt_1,5,0.05,10
0,13,3,even,high,3_sp_gt_1,10,0.05,10
0,14,3,even,high,3_sp_gt_1,50,0.05,10
0,15,3,even,high,3_sp_gt_1,5,0.05,15
0,16,3,even,high,3_sp_gt_1,10,0.05,15
0,17,3,even,high,3_sp_gt_1,50,0.05,15
0,18,3,even,high,3_sp_gt_1,5,0.1,5
0,19,3,even,high,3_sp_gt_1,10,0.1,5
0,20,3,even,high,3_sp_gt_1,50,0.1,5
0,21,3,even,high,3_sp_gt_1,5,0.1,10
0,22,3,even,high,3_sp_gt_1,10,0.1,10
0,23,3,even,high,3_sp_gt_1,50,0.1,10
0,24,3,even,high,3_sp_gt_1,5,0.1,15
0,25,3,even,high,3_sp_gt_1,10,0.1,15
0,26,3,even,high,3_sp_gt_1,50,0.1,15
0,27,10,even,high,10_sp_gt_1,5,0.01,5
0,28,10,even,high,10_sp_gt_1,10,0.01,5
0,29,10,even,high,10_sp_gt_1,50,0.01,5
0,30,10,even,high,10_sp_gt_1,5,0.01,10
0,31,10,even,high,10_sp_gt_1,10,0.01,10
0,32,10,even,high,10_sp_gt_1,50,0.01,10
0,33,10,even,high,10_sp_gt_1,5,0.01,15
0,34,10,even,high,10_sp_gt_1,10,0.01,15
0,35,10,even,high,10_sp_gt_1,50,0.01,15
0,36,10,even,high,10_sp_gt_1,5,0.05,5
0,37,10,even,high,10_sp_gt_1,10,0.05,5
0,38,10,even,high,10_sp_gt_1,50,0.05,5
0,39,10,even,high,10_sp_gt_1,5,0.05,10
0,40,10,even,high,10_sp_gt_1,10,0.05,10
0,41,10,even,high,10_sp_gt_1,50,0.05,10
0,42,10,even,high,10_sp_gt_1,5,0.05,15
0,43,10,even,high,10_sp_gt_1,10,0.05,15
0,44,10,even,high,10_sp_gt_1,50,0.05,15
0,45,10,even,high,10_sp_gt_1,5,0.1,5
0,46,10,even,high,10_sp_gt_1,10,0.1,5
0,47,10,even,high,10_sp_gt_1,50,0.1,5
0,48,10,even,high,10_sp_gt_1,5,0.1,10
0,49,10,even,high,10_sp_gt_1,10,0.1,10
0,50,10,even,high,10_sp_gt_1,50,0.1,10
0,51,10,even,high,10_sp_gt_1,5,0.1,15
0,52,10,even,high,10_sp_gt_1,10,0.1,15
0,53,10,even,high,10_sp_gt_1,50,0.1,15
0,162,100,even,high,100_sp_gt,5,0.01,5
0,163,100,even,high,100_sp_gt,10,0.01,5
0,164,100,even,high,100_sp_gt,50,0.01,5
0,165,100,even,high,100_sp_gt,5,0.01,10
0,166,100,even,high,100_sp_gt,10,0.01,10
0,167,100,even,high,100_sp_gt,50,0.01,10
0,168,100,even,high,100_sp_gt,5,0.01,15
0,169,100,even,high,100_sp_gt,10,0.01,15
0,170,100,even,high,100_sp_gt,50,0.01,15
0,171,100,even,high,100_sp_gt,5,0.05,5
0,172,100,even,high,100_sp_gt,10,0.05,5
0,173,100,even,high,100_sp_gt,50,0.05,5
0,174,100,even,high,100_sp_gt,5,0.05,10
0,175,100,even,high,100_sp_gt,10,0.05,10
0,176,100,even,high,100_sp_gt,50,0.05,10
0,177,100,even,high,100_sp_gt,5,0.05,15
0,178,100,even,high,100_sp_gt,10,0.05,15
0,179,100,even,high,100_sp_gt,50,0.05,15
0,180,100,even,high,100_sp_gt,5,0.1,5
0,181,100,even,high,100_sp_gt,10,0.1,5
0,182,100,even,high,100_sp_gt,50,0.1,5
0,183,100,even,high,100_sp_gt,5,0.1,10
0,184,100,even,high,100_sp_gt,10,0.1,10
0,185,100,even,high,100_sp_gt,50,0.1,10
0,186,100,even,high,100_sp_gt,5,0.1,15
0,187,100,even,high,100_sp_gt,10,0.1,15
0,188,100,even,high,100_sp_gt,50,0.1,15
0,53,3,sequential,high,3_sp_gt_1,5,0.01,5
0,54,3,sequential,high,3_sp_gt_1,10,0.01,5
0,55,3,sequential,high,3_sp_gt_1,50,0.01,5
0,56,3,sequential,high,3_sp_gt_1,5,0.01,10
0,57,3,sequential,high,3_sp_gt_1,10,0.01,10
0,58,3,sequential,high,3_sp_gt_1,50,0.01,10
0,59,3,sequential,high,3_sp_gt_1,5,0.01,15
0,60,3,sequential,high,3_sp_gt_1,10,0.01,15
0,61,3,sequential,high,3_sp_gt_1,50,0.01,15
0,62,3,sequential,high,3_sp_gt_1,5,0.05,5
0,63,3,sequential,high,3_sp_gt_1,10,0.05,5
0,64,3,sequential,high,3_sp_gt_1,50,0.05,5
0,65,3,sequential,high,3_sp_gt_1,5,0.05,10
0,66,3,sequential,high,3_sp_gt_1,10,0.05,10
0,67,3,sequential,high,3_sp_gt_1,50,0.05,10
0,68,3,sequential,high,3_sp_gt_1,5,0.05,15
0,69,3,sequential,high,3_sp_gt_1,10,0.05,15
0,70,3,sequential,high,3_sp_gt_1,50,0.05,15
0,71,3,sequential,high,3_sp_gt_1,5,0.1,5
0,72,3,sequential,high,3_sp_gt_1,10,0.1,5
0,73,3,sequential,high,3_sp_gt_1,50,0.1,5
0,74,3,sequential,high,3_sp_gt_1,5,0.1,10
0,75,3,sequential,high,3_sp_gt_1,10,0.1,10
0,76,3,sequential,high,3_sp_gt_1,50,0.1,10
0,77,3,sequential,high,3_sp_gt_1,5,0.1,15
0,78,3,sequential,high,3_sp_gt_1,10,0.1,15
0,79,3,sequential,high,3_sp_gt_1,50,0.1,15
0,81,10,sequential,high,10_sp_gt_1,5,0.01,5
0,82,10,sequential,high,10_sp_gt_1,10,0.01,5
0,83,10,sequential,high,10_sp_gt_1,50,0.01,5
0,84,10,sequential,high,10_sp_gt_1,5,0.01,10
0,85,10,sequential,high,10_sp_gt_1,10,0.01,10
0,86,10,sequential,high,10_sp_gt_1,50,0.01,10
0,87,10,sequential,high,10_sp_gt_1,5,0.01,15
0,88,10,sequential,high,10_sp_gt_1,10,0.01,15
0,89,10,sequential,high,10_sp_gt_1,50,0.01,15
0,90,10,sequential,high,10_sp_gt_1,5,0.05,5
0,91,10,sequential,high,10_sp_gt_1,10,0.05,5
0,92,10,sequential,high,10_sp_gt_1,50,0.05,5
0,93,10,sequential,high,10_sp_gt_1,5,0.05,10
0,94,10,sequential,high,10_sp_gt_1,10,0.05,10
0,95,10,sequential,high,10_sp_gt_1,50,0.05,10
0,96,10,sequential,high,10_sp_gt_1,5,0.05,15
0,97,10,sequential,high,10_sp_gt_1,10,0.05,15
0,98,10,sequential,high,10_sp_gt_1,50,0.05,15
0,99,10,sequential,high,10_sp_gt_1,5,0.1,5
0,100,10,sequential,high,10_sp_gt_1,10,0.1,5
0,101,10,sequential,high,10_sp_gt_1,50,0.1,5
0,102,10,sequential,high,10_sp_gt_1,5,0.1,10
0,103,10,sequential,high,10_sp_gt_1,10,0.1,10
0,104,10,sequential,high,10_sp_gt_1,50,0.1,10
0,105,10,sequential,high,10_sp_gt_1,5,0.1,15
0,106,10,sequential,high,10_sp_gt_1,10,0.1,15
0,107,10,sequential,high,10_sp_gt_1,50,0.1,15
0,189,100,sequential,high,100_sp_gt,5,0.01,5
0,190,100,sequential,high,100_sp_gt,10,0.01,5
0,191,100,sequential,high,100_sp_gt,50,0.01,5
0,192,100,sequential,high,100_sp_gt,5,0.01,10
0,193,100,sequential,high,100_sp_gt,10,0.01,10
0,194,100,sequential,high,100_sp_gt,50,0.01,10
0,195,100,sequential,high,100_sp_gt,5,0.01,15
0,196,100,sequential,high,100_sp_gt,10,0.01,15
0,197,100,sequential,high,100_sp_gt,50,0.01,15
0,198,100,sequential,high,100_sp_gt,5,0.05,5
0,199,100,sequential,high,100_sp_gt,10,0.05,5
0,200,100,sequential,high,100_sp_gt,50,0.05,5
0,201,100,sequential,high,100_sp_gt,5,0.05,10
0,202,100,sequential,high,100_sp_gt,10,0.05,10
0,203,100,sequential,high,100_sp_gt,50,0.05,10
0,204,100,sequential,high,100_sp_gt,5,0.05,15
0,205,100,sequential,high,100_sp_gt,10,0.05,15
0,206,100,sequential,high,100_sp_gt,50,0.05,15
0,207,100,sequential,high,100_sp_gt,5,0.1,5
0,208,100,sequential,high,100_sp_gt,10,0.1,5
0,209,100,sequential,high,100_sp_gt,50,0.1,5
0,210,100,sequential,high,100_sp_gt,5,0.1,10
0,211,100,sequential,high,100_sp_gt,10,0.1,10
0,212,100,sequential,high,100_sp_gt,50,0.1,10
0,213,100,sequential,high,100_sp_gt,5,0.1,15
0,214,100,sequential,high,100_sp_gt,10,0.1,15
0,215,100,sequential,high,100_sp_gt,50,0.1,15
0,108,3,random,high,3_sp_gt_1,5,0.01,5
0,109,3,random,high,3_sp_gt_1,10,0.01,5
0,110,3,random,high,3_sp_gt_1,50,0.01,5
0,111,3,random,high,3_sp_gt_1,5,0.01,10
0,112,3,random,high,3_sp_gt_1,10,0.01,10
0,113,3,random,high,3_sp_gt_1,50,0.01,10
0,114,3,random,high,3_sp_gt_1,5,0.01,15
0,115,3,random,high,3_sp_gt_1,10,0.01,15
0,116,3,random,high,3_sp_gt_1,50,0.01,15
0,117,3,random,high,3_sp_gt_1,5,0.05,5
0,118,3,random,high,3_sp_gt_1,10,0.05,5
0,119,3,random,high,3_sp_gt_1,50,0.05,5
0,120,3,random,high,3_sp_gt_1,5,0.05,10
0,121,3,random,high,3_sp_gt_1,10,0.05,10
0,122,3,random,high,3_sp_gt_1,50,0.05,10
0,123,3,random,high,3_sp_gt_1,5,0.05,15
0,124,3,random,high,3_sp_gt_1,10,0.05,15
0,125,3,random,high,3_sp_gt_1,50,0.05,15
0,126,3,random,high,3_sp_gt_1,5,0.1,5
0,127,3,random,high,3_sp_gt_1,10,0.1,5
0,128,3,random,high,3_sp_gt_1,50,0.1,5
0,129,3,random,high,3_sp_gt_1,5,0.1,10
0,130,3,random,high,3_sp_gt_1,10,0.1,10
0,131,3,random,high,3_sp_gt_1,50,0.1,10
0,132,3,random,high,3_sp_gt_1,5,0.1,15
0,133,3,random,high,3_sp_gt_1,10,0.1,15
0,134,3,random,high,3_sp_gt_1,50,0.1,15
0,135,10,random,high,10_sp_gt_1,5,0.01,5
0,136,10,random,high,10_sp_gt_1,10,0.01,5
0,137,10,random,high,10_sp_gt_1,50,0.01,5
0,138,10,random,high,10_sp_gt_1,5,0.01,10
0,139,10,random,high,10_sp_gt_1,10,0.01,10
0,140,10,random,high,10_sp_gt_1,50,0.01,10
0,141,10,random,high,10_sp_gt_1,5,0.01,15
0,142,10,random,high,10_sp_gt_1,10,0.01,15
0,143,10,random,high,10_sp_gt_1,50,0.01,15
0,144,10,random,high,10_sp_gt_1,5,0.05,5
0,145,10,random,high,10_sp_gt_1,10,0.05,5
0,146,10,random,high,10_sp_gt_1,50,0.05,5
0,147,10,random,high,10_sp_gt_1,5,0.05,10
0,148,10,random,high,10_sp_gt_1,10,0.05,10
0,149,10,random,high,10_sp_gt_1,50,0.05,10
0,150,10,random,high,10_sp_gt_1,5,0.05,15
0,151,10,random,high,10_sp_gt_1,10,0.05,15
0,152,10,random,high,10_sp_gt_1,50,0.05,15
0,153,10,random,high,10_sp_gt_1,5,0.1,5
0,154,10,random,high,10_sp_gt_1,10,0.1,5
0,155,10,random,high,10_sp_gt_1,50,0.1,5
0,156,10,random,high,10_sp_gt_1,5,0.1,10
0,157,10,random,high,10_sp_gt_1,10,0.1,10
0,158,10,random,high,10_sp_gt_1,50,0.1,10
0,159,10,random,high,10_sp_gt_1,5,0.1,15
0,160,10,random,high,10_sp_gt_1,10,0.1,15
0,161,10,random,high,10_sp_gt_1,50,0.1,15
0,216,10,random,high,100_sp_gt,5,0.01,5
0,217,10,random,high,100_sp_gt,10,0.01,5
0,218,10,random,high,100_sp_gt,50,0.01,5
0,219,10,random,high,100_sp_gt,5,0.01,10
0,220,10,random,high,100_sp_gt,10,0.01,10
0,221,10,random,high,100_sp_gt,50,0.01,10
0,222,10,random,high,100_sp_gt,5,0.01,15
0,223,10,random,high,100_sp_gt,10,0.01,15
0,224,10,random,high,100_sp_gt,50,0.01,15
0,225,10,random,high,100_sp_gt,5,0.05,5
0,226,10,random,high,100_sp_gt,10,0.05,5
0,227,10,random,high,100_sp_gt,50,0.05,5
0,228,10,random,high,100_sp_gt,5,0.05,10
0,229,10,random,high,100_sp_gt,10,0.05,10
0,230,10,random,high,100_sp_gt,50,0.05,10
0,231,10,random,high,100_sp_gt,5,0.05,15
0,232,10,random,high,100_sp_gt,10,0.05,15
0,233,10,random,high,100_sp_gt,50,0.05,15
0,234,10,random,high,100_sp_gt,5,0.1,5
0,235,10,random,high,100_sp_gt,10,0.1,5
0,236,10,random,high,100_sp_gt,50,0.1,5
0,237,10,random,high,100_sp_gt,5,0.1,10
0,238,10,random,high,100_sp_gt,10,0.1,10
0,239,10,random,high,100_sp_gt,50,0.1,10
0,240,10,random,high,100_sp_gt,5,0.1,15
0,241,10,random,high,100_sp_gt,10,0.1,15
0,242,10,random,high,100_sp_gt,50,0.1,15
0,243,3,even,high,3_sp_gt_1,5,0.01,5
0,244,3,even,high,3_sp_gt_1,10,0.01,5
0,245,3,even,high,3_sp_gt_1,50,0.01,5
0,246,3,even,high,3_sp_gt_1,5,0.01,10
0,247,3,even,high,3_sp_gt_1,10,0.01,10
0,248,3,even,high,3_sp_gt_1,50,0.01,10
0,249,3,even,high,3_sp_gt_1,5,0.01,15
0,250,3,even,high,3_sp_gt_1,10,0.01,15
0,251,3,even,high,3_sp_gt_1,50,0.01,15
0,252,3,even,high,3_sp_gt_1,5,0.05,5
0,253,3,even,high,3_sp_gt_1,10,0.05,5
0,254,3,even,high,3_sp_gt_1,50,0.05,5
0,255,3,even,high,3_sp_gt_1,5,0.05,10
0,256,3,even,high,3_sp_gt_1,10,0.05,10
0,257,3,even,high,3_sp_gt_1,50,0.05,10
0,258,3,even,high,3_sp_gt_1,5,0.05,15
0,259,3,even,high,3_sp_gt_1,10,0.05,15
0,260,3,even,high,3_sp_gt_1,50,0.05,15
0,261,3,even,high,3_sp_gt_1,5,0.1,5
0,262,3,even,high,3_sp_gt_1,10,0.1,5
0,263,3,even,high,3_sp_gt_1,50,0.1,5
0,264,3,even,high,3_sp_gt_1,5,0.1,10
0,265,3,even,high,3_sp_gt_1,10,0.1,10
0,266,3,even,high,3_sp_gt_1,50,0.1,10
0,267,3,even,high,3_sp_gt_1,5,0.1,15
0,268,3,even,high,3_sp_gt_1,10,0.1,15
0,269,3,even,high,3_sp_gt_1,50,0.1,15
0,270,10,even,high,10_sp_gt_1,5,0.01,5
0,271,10,even,high,10_sp_gt_1,10,0.01,5
0,272,10,even,high,10_sp_gt_1,50,0.01,5
0,273,10,even,high,10_sp_gt_1,5,0.01,10
0,274,10,even,high,10_sp_gt_1,10,0.01,10
0,275,10,even,high,10_sp_gt_1,50,0.01,10
0,276,10,even,high,10_sp_gt_1,5,0.01,15
0,277,10,even,high,10_sp_gt_1,10,0.01,15
0,278,10,even,high,10_sp_gt_1,50,0.01,15
0,279,10,even,high,10_sp_gt_1,5,0.05,5
0,280,10,even,high,10_sp_gt_1,10,0.05,5
0,281,10,even,high,10_sp_gt_1,50,0.05,5
0,282,10,even,high,10_sp_gt_1,5,0.05,10
0,283,10,even,high,10_sp_gt_1,10,0.05,10
0,284,10,even,high,10_sp_gt_1,50,0.05,10
0,285,10,even,high,10_sp_gt_1,5,0.05,15
0,286,10,even,high,10_sp_gt_1,10,0.05,15
0,287,10,even,high,10_sp_gt_1,50,0.05,15
0,288,10,even,high,10_sp_gt_1,5,0.1,5
0,289,10,even,high,10_sp_gt_1,10,0.1,5
0,290,10,even,high,10_sp_gt_1,50,0.1,5
0,291,10,even,high,10_sp_gt_1,5,0.1,10
0,292,10,even,high,10_sp_gt_1,10,0.1,10
0,293,10,even,high,10_sp_gt_1,50,0.1,10
0,294,10,even,high,10_sp_gt_1,5,0.1,15
0,295,10,even,high,10_sp_gt_1,10,0.1,15
0,296,10,even,high,10_sp_gt_1,50,0.1,15
0,296,3,sequential,high,3_sp_gt_1,5,0.01,5
0,297,3,sequential,high,3_sp_gt_1,10,0.01,5
0,298,3,sequential,high,3_sp_gt_1,50,0.01,5
0,299,3,sequential,high,3_sp_gt_1,5,0.01,10
0,300,3,sequential,high,3_sp_gt_1,10,0.01,10
0,301,3,sequential,high,3_sp_gt_1,50,0.01,10
0,302,3,sequential,high,3_sp_gt_1,5,0.01,15
0,303,3,sequential,high,3_sp_gt_1,10,0.01,15
0,304,3,sequential,high,3_sp_gt_1,50,0.01,15
0,305,3,sequential,high,3_sp_gt_1,5,0.05,5
0,306,3,sequential,high,3_sp_gt_1,10,0.05,5
0,307,3,sequential,high,3_sp_gt_1,50,0.05,5
0,308,3,sequential,high,3_sp_gt_1,5,0.05,10
0,309,3,sequential,high,3_sp_gt_1,10,0.05,10
0,310,3,sequential,high,3_sp_gt_1,50,0.05,10
0,311,3,sequential,high,3_sp_gt_1,5,0.05,15
0,312,3,sequential,high,3_sp_gt_1,10,0.05,15
0,313,3,sequential,high,3_sp_gt_1,50,0.05,15
0,314,3,sequential,high,3_sp_gt_1,5,0.1,5
0,315,3,sequential,high,3_sp_gt_1,10,0.1,5
0,316,3,sequential,high,3_sp_gt_1,50,0.1,5
0,317,3,sequential,high,3_sp_gt_1,5,0.1,10
0,318,3,sequential,high,3_sp_gt_1,10,0.1,10
0,319,3,sequential,high,3_sp_gt_1,50,0.1,10
0,320,3,sequential,high,3_sp_gt_1,5,0.1,15
0,321,3,sequential,high,3_sp_gt_1,10,0.1,15
0,322,3,sequential,high,3_sp_gt_1,50,0.1,15
0,324,10,sequential,high,10_sp_gt_1,5,0.01,5
0,325,10,sequential,high,10_sp_gt_1,10,0.01,5
0,326,10,sequential,high,10_sp_gt_1,50,0.01,5
0,327,10,sequential,high,10_sp_gt_1,5,0.01,10
0,328,10,sequential,high,10_sp_gt_1,10,0.01,10
0,329,10,sequential,high,10_sp_gt_1,50,0.01,10
0,330,10,sequential,high,10_sp_gt_1,5,0.01,15
0,331,10,sequential,high,10_sp_gt_1,10,0.01,15
0,332,10,sequential,high,10_sp_gt_1,50,0.01,15
0,333,10,sequential,high,10_sp_gt_1,5,0.05,5
0,334,10,sequential,high,10_sp_gt_1,10,0.05,5
0,335,10,sequential,high,10_sp_gt_1,50,0.05,5
0,336,10,sequential,high,10_sp_gt_1,5,0.05,10
0,337,10,sequential,high,10_sp_gt_1,10,0.05,10
0,338,10,sequential,high,10_sp_gt_1,50,0.05,10
0,339,10,sequential,high,10_sp_gt_1,5,0.05,15
0,340,10,sequential,high,10_sp_gt_1,10,0.05,15
0,341,10,sequential,high,10_sp_gt_1,50,0.05,15
0,342,10,sequential,high,10_sp_gt_1,5,0.1,5
0,343,10,sequential,high,10_sp_gt_1,10,0.1,5
0,344,10,sequential,high,10_sp_gt_1,50,0.1,5
0,345,10,sequential,high,10_sp_gt_1,5,0.1,10
0,346,10,sequential,high,10_sp_gt_1,10,0.1,10
0,347,10,sequential,high,10_sp_gt_1,50,0.1,10
0,348,10,sequential,high,10_sp_gt_1,5,0.1,15
0,349,10,sequential,high,10_sp_gt_1,10,0.1,15
0,350,10,sequential,high,10_sp_gt_1,50,0.1,15
0,351,3,random,high,3_sp_gt_1,5,0.01,5
0,352,3,random,high,3_sp_gt_1,10,0.01,5
0,353,3,random,high,3_sp_gt_1,50,0.01,5
0,354,3,random,high,3_sp_gt_1,5,0.01,10
0,355,3,random,high,3_sp_gt_1,10,0.01,10
0,356,3,random,high,3_sp_gt_1,50,0.01,10
0,357,3,random,high,3_sp_gt_1,5,0.01,15
0,358,3,random,high,3_sp_gt_1,10,0.01,15
0,359,3,random,high,3_sp_gt_1,50,0.01,15
0,360,3,random,high,3_sp_gt_1,5,0.05,5
0,361,3,random,high,3_sp_gt_1,10,0.05,5
0,362,3,random,high,3_sp_gt_1,50,0.05,5
0,363,3,random,high,3_sp_gt_1,5,0.05,10
0,364,3,random,high,3_sp_gt_1,10,0.05,10
0,365,3,random,high,3_sp_gt_1,50,0.05,10
0,366,3,random,high,3_sp_gt_1,5,0.05,15
0,367,3,random,high,3_sp_gt_1,10,0.05,15
0,368,3,random,high,3_sp_gt_1,50,0.05,15
0,369,3,random,high,3_sp_gt_1,5,0.1,5
0,370,3,random,high,3_sp_gt_1,10,0.1,5
0,371,3,random,high,3_sp_gt_1,50,0.1,5
0,372,3,random,high,3_sp_gt_1,5,0.1,10
0,373,3,random,high,3_sp_gt_1,10,0.1,10
0,374,3,random,high,3_sp_gt_1,50,0.1,10
0,375,3,random,high,3_sp_gt_1,5,0.1,15
0,376,3,random,high,3_sp_gt_1,10,0.1,15
0,377,3,random,high,3_sp_gt_1,50,0.1,15
0,378,10,random,high,10_sp_gt_1,5,0.01,5
0,379,10,random,high,10_sp_gt_1,10,0.01,5
0,380,10,random,high,10_sp_gt_1,50,0.01,5
0,381,10,random,high,10_sp_gt_1,5,0.01,10
0,382,10,random,high,10_sp_gt_1,10,0.01,10
0,383,10,random,high,10_sp_gt_1,50,0.01,10
0,384,10,random,high,10_sp_gt_1,5,0.01,15
0,385,10,random,high,10_sp_gt_1,10,0.01,15
0,386,10,random,high,10_sp_gt_1,50,0.01,15
0,387,10,random,high,10_sp_gt_1,5,0.05,5
0,388,10,random,high,10_sp_gt_1,10,0.05,5
0,389,10,random,high,10_sp_gt_1,50,0.05,5
0,390,10,random,high,10_sp_gt_1,5,0.05,10
0,391,10,random,high,10_sp_gt_1,10,0.05,10
0,392,10,random,high,10_sp_gt_1,50,0.05,10
0,393,10,random,high,10_sp_gt_1,5,0.05,15
0,394,10,random,high,10_sp_gt_1,10,0.05,15
0,395,10,random,high,10_sp_gt_1,50,0.05,15
0,396,10,random,high,10_sp_gt_1,5,0.1,5
0,397,10,random,high,10_sp_gt_1,10,0.1,5
0,398,10,random,high,10_sp_gt_1,50,0.1,5
0,399,10,random,high,10_sp_gt_1,5,0.1,10
0,400,10,random,high,10_sp_gt_1,10,0.1,10
0,401,10,random,high,10_sp_gt_1,50,0.1,10
0,402,10,random,high,10_sp_gt_1,5,0.1,15
0,403,10,random,high,10_sp_gt_1,10,0.1,15
0,404,10,random,high,10_sp_gt_1,50,0.1,15
0,405,3,even,high,3_sp_gt_1,5,0.01,5
0,406,3,even,high,3_sp_gt_1,10,0.01,5
0,407,3,even,high,3_sp_gt_1,50,0.01,5
0,408,3,even,high,3_sp_gt_1,5,0.01,10
0,409,3,even,high,3_sp_gt_1,10,0.01,10
0,410,3,even,high,3_sp_gt_1,50,0.01,10
0,411,3,even,high,3_sp_gt_1,5,0.01,15
0,412,3,even,high,3_sp_gt_1,10,0.01,15
0,413,3,even,high,3_sp_gt_1,50,0.01,15
0,414,3,even,high,3_sp_gt_1,5,0.05,5
0,415,3,even,high,3_sp_gt_1,10,0.05,5
0,416,3,even,high,3_sp_gt_1,50,0.05,5
0,417,3,even,high,3_sp_gt_1,5,0.05,10
0,418,3,even,high,3_sp_gt_1,10,0.05,10
0,419,3,even,high,3_sp_gt_1,50,0.05,10
0,420,3,even,high,3_sp_gt_1,5,0.05,15
0,421,3,even,high,3_sp_gt_1,10,0.05,15
0,422,3,even,high,3_sp_gt_1,50,0.05,15
0,423,3,even,high,3_sp_gt_1,5,0.1,5
0,424,3,even,high,3_sp_gt_1,10,0.1,5
0,425,3,even,high,3_sp_gt_1,50,0.1,5
0,426,3,even,high,3_sp_gt_1,5,0.1,10
0,427,3,even,high,3_sp_gt_1,10,0.1,10
0,428,3,even,high,3_sp_gt_1,50,0.1,10
0,429,3,even,high,3_sp_gt_1,5,0.1,15
0,430,3,even,high,3_sp_gt_1,10,0.1,15
0,431,3,even,high,3_sp_gt_1,50,0.1,15
0,432,10,even,high,10_sp_gt_1,5,0.01,5
0,433,10,even,high,10_sp_gt_1,10,0.01,5
0,434,10,even,high,10_sp_gt_1,50,0.01,5
0,435,10,even,high,10_sp_gt_1,5,0.01,10
0,436,10,even,high,10_sp_gt_1,10,0.01,10
0,437,10,even,high,10_sp_gt_1,50,0.01,10
0,438,10,even,high,10_sp_gt_1,5,0.01,15
0,439,10,even,high,10_sp_gt_1,10,0.01,15
0,440,10,even,high,10_sp_gt_1,50,0.01,15
0,441,10,even,high,10_sp_gt_1,5,0.05,5
0,442,10,even,high,10_sp_gt_1,10,0.05,5
0,443,10,even,high,10_sp_gt_1,50,0.05,5
0,444,10,even,high,10_sp_gt_1,5,0.05,10
0,445,10,even,high,10_sp_gt_1,10,0.05,10
0,446,10,even,high,10_sp_gt_1,50,0.05,10
0,447,10,even,high,10_sp_gt_1,5,0.05,15
0,448,10,even,high,10_sp_gt_1,10,0.05,15
0,449,10,even,high,10_sp_gt_1,50,0.05,15
0,450,10,even,high,10_sp_gt_1,5,0.1,5
0,451,10,even,high,10_sp_gt_1,10,0.1,5
0,452,10,even,high,10_sp_gt_1,50,0.1,5
0,453,10,even,high,10_sp_gt_1,5,0.1,10
0,454,10,even,high,10_sp_gt_1,10,0.1,10
0,455,10,even,high,10_sp_gt_1,50,0.1,10
0,456,10,even,high,10_sp_gt_1,5,0.1,15
0,457,10,even,high,10_sp_gt_1,10,0.1,15
0,458,10,even,high,10_sp_gt_1,50,0.1,15
0,458,3,sequential,high,3_sp_gt_1,5,0.01,5
0,459,3,sequential,high,3_sp_gt_1,10,0.01,5
0,460,3,sequential,high,3_sp_gt_1,50,0.01,5
0,461,3,sequential,high,3_sp_gt_1,5,0.01,10
0,462,3,sequential,high,3_sp_gt_1,10,0.01,10
0,463,3,sequential,high,3_sp_gt_1,50,0.01,10
0,464,3,sequential,high,3_sp_gt_1,5,0.01,15
0,465,3,sequential,high,3_sp_gt_1,10,0.01,15
0,466,3,sequential,high,3_sp_gt_1,50,0.01,15
0,467,3,sequential,high,3_sp_gt_1,5,0.05,5
0,468,3,sequential,high,3_sp_gt_1,10,0.05,5
0,469,3,sequential,high,3_sp_gt_1,50,0.05,5
0,470,3,sequential,high,3_sp_gt_1,5,0.05,10
0,471,3,sequential,high,3_sp_gt_1,10,0.05,10
0,472,3,sequential,high,3_sp_gt_1,50,0.05,10
0,473,3,sequential,high,3_sp_gt_1,5,0.05,15
0,474,3,sequential,high,3_sp_gt_1,10,0.05,15
0,475,3,sequential,high,3_sp_gt_1,50,0.05,15
0,476,3,sequential,high,3_sp_gt_1,5,0.1,5
0,477,3,sequential,high,3_sp_gt_1,10,0.1,5
0,478,3,sequential,high,3_sp_gt_1,50,0.1,5
0,479,3,sequential,high,3_sp_gt_1,5,0.1,10
0,480,3,sequential,high,3_sp_gt_1,10,0.1,10
0,481,3,sequential,high,3_sp_gt_1,50,0.1,10
0,482,3,sequential,high,3_sp_gt_1,5,0.1,15
0,483,3,sequential,high,3_sp_gt_1,10,0.1,15
0,484,3,sequential,high,3_sp_gt_1,50,0.1,15
0,486,10,sequential,high,10_sp_gt_1,5,0.01,5
0,487,10,sequential,high,10_sp_gt_1,10,0.01,5
0,488,10,sequential,high,10_sp_gt_1,50,0.01,5
0,489,10,sequential,high,10_sp_gt_1,5,0.01,10
0,490,10,sequential,high,10_sp_gt_1,10,0.01,10
0,491,10,sequential,high,10_sp_gt_1,50,0.01,10
0,492,10,sequential,high,10_sp_gt_1,5,0.01,15
0,493,10,sequential,high,10_sp_gt_1,10,0.01,15
0,494,10,sequential,high,10_sp_gt_1,50,0.01,15
0,495,10,sequential,high,10_sp_gt_1,5,0.05,5
0,496,10,sequential,high,10_sp_gt_1,10,0.05,5
0,497,10,sequential,high,10_sp_gt_1,50,0.05,5
0,498,10,sequential,high,10_sp_gt_1,5,0.05,10
0,499,10,sequential,high,10_sp_gt_1,10,0.05,10
0,500,10,sequential,high,10_sp_gt_1,50,0.05,10
0,501,10,sequential,high,10_sp_gt_1,5,0.05,15
0,502,10,sequential,high,10_sp_gt_1,10,0.05,15
0,503,10,sequential,high,10_sp_gt_1,50,0.05,15
0,504,10,sequential,high,10_sp_gt_1,5,0.1,5
0,505,10,sequential,high,10_sp_gt_1,10,0.1,5
0,506,10,sequential,high,10_sp_gt_1,50,0.1,5
0,507,10,sequential,high,10_sp_gt_1,5,0.1,10
0,508,10,sequential,high,10_sp_gt_1,10,0.1,10
0,509,10,sequential,high,10_sp_gt_1,50,0.1,10
0,510,10,sequential,high,10_sp_gt_1,5,0.1,15
0,511,10,sequential,high,10_sp_gt_1,10,0.1,15
0,512,10,sequential,high,10_sp_gt_1,50,0.1,15
0,513,3,random,high,3_sp_gt_1,5,0.01,5
0,514,3,random,high,3_sp_gt_1,10,0.01,5
0,515,3,random,high,3_sp_gt_1,50,0.01,5
0,516,3,random,high,3_sp_gt_1,5,0.01,10
0,517,3,random,high,3_sp_gt_1,10,0.01,10
0,518,3,random,high,3_sp_gt_1,50,0.01,10
0,519,3,random,high,3_sp_gt_1,5,0.01,15
0,520,3,random,high,3_sp_gt_1,10,0.01,15
0,521,3,random,high,3_sp_gt_1,50,0.01,15
0,522,3,random,high,3_sp_gt_1,5,0.05,5
0,523,3,random,high,3_sp_gt_1,10,0.05,5
0,524,3,random,high,3_sp_gt_1,50,0.05,5
0,525,3,random,high,3_sp_gt_1,5,0.05,10
0,526,3,random,high,3_sp_gt_1,10,0.05,10
0,527,3,random,high,3_sp_gt_1,50,0.05,10
0,528,3,random,high,3_sp_gt_1,5,0.05,15
0,529,3,random,high,3_sp_gt_1,10,0.05,15
0,530,3,random,high,3_sp_gt_1,50,0.05,15
0,531,3,random,high,3_sp_gt_1,5,0.1,5
0,532,3,random,high,3_sp_gt_1,10,0.1,5
0,533,3,random,high,3_sp_gt_1,50,0.1,5
0,534,3,random,high,3_sp_gt_1,5,0.1,10
0,535,3,random,high,3_sp_gt_1,10,0.1,10
0,536,3,random,high,3_sp_gt_1,50,0.1,10
0,537,3,random,high,3_sp_gt_1,5,0.1,15
0,538,3,random,high,3_sp_gt_1,10,0.1,15
0,539,3,random,high,3_sp_gt_1,50,0.1,15
0,540,10,random,high,10_sp_gt_1,5,0.01,5
0,541,10,random,high,10_sp_gt_1,10,0.01,5
0,542,10,random,high,10_sp_gt_1,50,0.01,5
0,543,10,random,high,10_sp_gt_1,5,0.01,10
0,544,10,random,high,10_sp_gt_1,10,0.01,10
0,545,10,random,high,10_sp_gt_1,50,0.01,10
0,546,10,random,high,10_sp_gt_1,5,0.01,15
0,547,10,random,high,10_sp_gt_1,10,0.01,15
0,548,10,random,high,10_sp_gt_1,50,0.01,15
0,549,10,random,high,10_sp_gt_1,5,0.05,5
0,550,10,random,high,10_sp_gt_1,10,0.05,5
0,551,10,random,high,10_sp_gt_1,50,0.05,5
0,552,10,random,high,10_sp_gt_1,5,0.05,10
0,553,10,random,high,10_sp_gt_1,10,0.05,10
0,554,10,random,high,10_sp_gt_1,50,0.05,10
0,555,10,random,high,10_sp_gt_1,5,0.05,15
0,556,10,random,high,10_sp_gt_1,10,0.05,15
0,557,10,random,high,10_sp_gt_1,50,0.05,15
0,558,10,random,high,10_sp_gt_1,5,0.1,5
0,559,10,random,high,10_sp_gt_1,10,0.1,5
0,560,10,random,high,10_sp_gt_1,50,0.1,5
0,561,10,random,high,10_sp_gt_1,5,0.1,10
0,562,10,random,high,10_sp_gt_1,10,0.1,10
0,563,10,random,high,10_sp_gt_1,50,0.1,10
0,564,10,random,high,10_sp_gt_1,5,0.1,15
0,565,10,random,high,10_sp_gt_1,10,0.1,15
0,566,10,random,high,10_sp_gt_1,50,0.1,15
0,726,10,random,low,10_sp_gt_1,5,0.1,15
0,599,10,even,low,10_sp_gt_1,50,0.01,10
0,968,10,random,low,10_sp_gt_1,50,0.1,10
0,965,10,random,low,10_sp_gt_1,50,0.1,5
0,1116,10,random,low,10_sp_gt_1,5,0.05,5
0,1128,10,random,low,10_sp_gt_1,5,0.1,10
0,1127,10,random,low,10_sp_gt_1,50,0.1,5
0,1115,10,random,low,10_sp_gt_1,50,0.01,15
0,966,10,random,low,10_sp_gt_1,5,0.1,10
0,967,10,random,low,10_sp_gt_1,10,0.1,10
0,600,10,even,low,10_sp_gt_1,5,0.01,15
0,594,10,even,low,10_sp_gt_1,5,0.01,5
0,725,10,random,low,10_sp_gt_1,50,0.1,10
0,598,10,even,low,10_sp_gt_1,10,0.01,10
0,969,10,random,low,10_sp_gt_1,5,0.1,15
0,1129,10,random,low,10_sp_gt_1,10,0.1,10
0,1130,10,random,low,10_sp_gt_1,50,0.1,10
0,970,10,random,low,10_sp_gt_1,10,0.1,15
0,597,10,even,low,10_sp_gt_1,5,0.01,10
0,601,10,even,low,10_sp_gt_1,10,0.01,15
0,916,10,sequential,low,10_sp_gt_1,10,0.1,15
0,1133,10,random,low,10_sp_gt_1,50,0.1,15
0,915,10,sequential,low,10_sp_gt_1,5,0.1,15
0,602,10,even,low,10_sp_gt_1,50,0.01,15
0,727,10,random,low,10_sp_gt_1,10,0.1,15
0,715,10,random,low,10_sp_gt_1,10,0.05,10
0,604,10,even,low,10_sp_gt_1,10,0.05,5
0,971,10,random,low,10_sp_gt_1,50,0.1,15
0,1005,10,even,low,10_sp_gt_1,5,0.01,15
0,956,10,random,low,10_sp_gt_1,50,0.05,5
0,1131,10,random,low,10_sp_gt_1,5,0.1,15
0,1125,10,random,low,10_sp_gt_1,5,0.1,5
0,1126,10,random,low,10_sp_gt_1,10,0.1,5
0,1132,10,random,low,10_sp_gt_1,10,0.1,15
0,955,10,random,low,10_sp_gt_1,10,0.05,5
0,1006,10,even,low,10_sp_gt_1,10,0.01,15
0,603,10,even,low,10_sp_gt_1,5,0.05,5
0,716,10,random,low,10_sp_gt_1,50,0.05,10
0,728,10,random,low,10_sp_gt_1,50,0.1,15
0,653,10,sequential,low,10_sp_gt_1,50,0.01,10
0,659,10,sequential,low,10_sp_gt_1,50,0.05,5
0,673,10,sequential,low,10_sp_gt_1,10,0.1,15
0,612,10,even,low,10_sp_gt_1,5,0.1,5
0,618,10,even,low,10_sp_gt_1,5,0.1,15
0,905,10,sequential,low,10_sp_gt_1,50,0.05,10
0,1056,10,sequential,low,10_sp_gt_1,5,0.01,10
0,837,10,even,low,10_sp_gt_1,5,0.01,5
0,1069,10,sequential,low,10_sp_gt_1,10,0.05,15
0,1070,10,sequential,low,10_sp_gt_1,50,0.05,15
0,838,10,even,low,10_sp_gt_1,10,0.01,5
0,1055,10,sequential,low,10_sp_gt_1,50,0.01,5
0,906,10,sequential,low,10_sp_gt_1,5,0.05,15
0,617,10,even,low,10_sp_gt_1,50,0.1,10
0,611,10,even,low,10_sp_gt_1,50,0.05,15
0,674,10,sequential,low,10_sp_gt_1,50,0.1,15
0,660,10,sequential,low,10_sp_gt_1,5,0.05,10
0,654,10,sequential,low,10_sp_gt_1,5,0.01,15
0,658,10,sequential,low,10_sp_gt_1,10,0.05,5
0,652,10,sequential,low,10_sp_gt_1,10,0.01,10
0,706,10,random,low,10_sp_gt_1,10,0.01,10
0,672,10,sequential,low,10_sp_gt_1,5,0.1,15
0,619,10,even,low,10_sp_gt_1,10,0.1,15
0,613,10,even,low,10_sp_gt_1,10,0.1,5
0,1016,10,even,low,10_sp_gt_1,50,0.05,15
0,1068,10,sequential,low,10_sp_gt_1,5,0.05,15
0,840,10,even,low,10_sp_gt_1,5,0.01,10
0,839,10,even,low,10_sp_gt_1,50,0.01,5
0,1067,10,sequential,low,10_sp_gt_1,50,0.05,10
0,1015,10,even,low,10_sp_gt_1,10,0.05,15
0,614,10,even,low,10_sp_gt_1,50,0.1,5
0,620,10,even,low,10_sp_gt_1,50,0.1,15
0,671,10,sequential,low,10_sp_gt_1,50,0.1,10
0,651,10,sequential,low,10_sp_gt_1,5,0.01,10
0,705,10,random,low,10_sp_gt_1,5,0.01,10
0,657,10,sequential,low,10_sp_gt_1,5,0.05,5
0,667,10,sequential,low,10_sp_gt_1,10,0.1,5
0,661,10,sequential,low,10_sp_gt_1,10,0.05,10
0,610,10,even,low,10_sp_gt_1,10,0.05,15
0,1025,10,even,low,10_sp_gt_1,50,0.1,15
0,1071,10,sequential,low,10_sp_gt_1,5,0.1,5
0,1077,10,sequential,low,10_sp_gt_1,5,0.1,15
0,843,10,even,low,10_sp_gt_1,5,0.01,15
0,856,10,even,low,10_sp_gt_1,10,0.1,5
0,855,10,even,low,10_sp_gt_1,5,0.1,5
0,1078,10,sequential,low,10_sp_gt_1,10,0.1,15
0,844,10,even,low,10_sp_gt_1,10,0.01,15
0,1072,10,sequential,low,10_sp_gt_1,10,0.1,5
0,609,10,even,low,10_sp_gt_1,5,0.05,15
0,648,10,sequential,low,10_sp_gt_1,5,0.01,5
0,662,10,sequential,low,10_sp_gt_1,50,0.05,10
0,668,10,sequential,low,10_sp_gt_1,50,0.1,5
0,670,10,sequential,low,10_sp_gt_1,10,0.1,10
0,650,10,sequential,low,10_sp_gt_1,50,0.01,5
0,664,10,sequential,low,10_sp_gt_1,10,0.05,15
0,607,10,even,low,10_sp_gt_1,10,0.05,10
0,896,10,sequential,low,10_sp_gt_1,50,0.01,10
0,1065,10,sequential,low,10_sp_gt_1,5,0.05,10
0,842,10,even,low,10_sp_gt_1,50,0.01,10
0,1074,10,sequential,low,10_sp_gt_1,5,0.1,10
0,1073,10,sequential,low,10_sp_gt_1,50,0.1,5
0,841,10,even,low,10_sp_gt_1,10,0.01,10
0,1079,10,sequential,low,10_sp_gt_1,50,0.1,15
0,1066,10,sequential,low,10_sp_gt_1,10,0.05,10
0,895,10,sequential,low,10_sp_gt_1,10,0.01,10
0,608,10,even,low,10_sp_gt_1,50,0.05,10
0,663,10,sequential,low,10_sp_gt_1,5,0.05,15
0,649,10,sequential,low,10_sp_gt_1,10,0.01,5
0,669,10,sequential,low,10_sp_gt_1,5,0.1,10
0,1010,10,even,low,10_sp_gt_1,50,0.05,5
0,892,10,sequential,low,10_sp_gt_1,10,0.01,5
0,898,10,sequential,low,10_sp_gt_1,10,0.01,15
0,1024,10,even,low,10_sp_gt_1,10,0.1,15
0,1061,10,sequential,low,10_sp_gt_1,50,0.01,15
0,846,10,even,low,10_sp_gt_1,5,0.05,5
0,859,10,even,low,10_sp_gt_1,10,0.1,10
0,853,10,even,low,10_sp_gt_1,10,0.05,15
0,854,10,even,low,10_sp_gt_1,50,0.05,15
0,860,10,even,low,10_sp_gt_1,50,0.1,10
0,845,10,even,low,10_sp_gt_1,50,0.01,15
0,1062,10,sequential,low,10_sp_gt_1,5,0.05,5
0,897,10,sequential,low,10_sp_gt_1,5,0.01,15
0,1023,10,even,low,10_sp_gt_1,5,0.1,15
0,1009,10,even,low,10_sp_gt_1,10,0.05,5
0,891,10,sequential,low,10_sp_gt_1,5,0.01,5
0,665,10,sequential,low,10_sp_gt_1,50,0.05,15
0,1021,10,even,low,10_sp_gt_1,10,0.1,10
0,899,10,sequential,low,10_sp_gt_1,50,0.01,15
0,893,10,sequential,low,10_sp_gt_1,50,0.01,5
0,1007,10,even,low,10_sp_gt_1,50,0.01,15
0,1064,10,sequential,low,10_sp_gt_1,50,0.05,5
0,1075,10,sequential,low,10_sp_gt_1,10,0.1,10
0,852,10,even,low,10_sp_gt_1,5,0.05,15
0,858,10,even,low,10_sp_gt_1,5,0.1,10
0,857,10,even,low,10_sp_gt_1,50,0.1,5
0,851,10,even,low,10_sp_gt_1,50,0.05,10
0,1076,10,sequential,low,10_sp_gt_1,50,0.1,10
0,1063,10,sequential,low,10_sp_gt_1,10,0.05,5
0,894,10,sequential,low,10_sp_gt_1,5,0.01,10
0,1008,10,even,low,10_sp_gt_1,5,0.05,5
0,1022,10,even,low,10_sp_gt_1,50,0.1,10
0,900,10,sequential,low,10_sp_gt_1,5,0.05,5
0,666,10,sequential,low,10_sp_gt_1,5,0.1,5
0,656,10,sequential,low,10_sp_gt_1,50,0.01,15
0,702,10,random,low,10_sp_gt_1,5,0.01,5
0,904,10,sequential,low,10_sp_gt_1,10,0.05,10
0,1018,10,even,low,10_sp_gt_1,10,0.1,5
0,1012,10,even,low,10_sp_gt_1,10,0.05,10
0,1059,10,sequential,low,10_sp_gt_1,5,0.01,15
0,1053,10,sequential,low,10_sp_gt_1,5,0.01,5
0,847,10,even,low,10_sp_gt_1,10,0.05,5
0,861,10,even,low,10_sp_gt_1,5,0.1,15
0,862,10,even,low,10_sp_gt_1,10,0.1,15
0,848,10,even,low,10_sp_gt_1,50,0.05,5
0,1054,10,sequential,low,10_sp_gt_1,10,0.01,5
0,1060,10,sequential,low,10_sp_gt_1,10,0.01,15
0,1011,10,even,low,10_sp_gt_1,5,0.05,10
0,903,10,sequential,low,10_sp_gt_1,5,0.05,10
0,1017,10,even,low,10_sp_gt_1,5,0.1,5
0,655,10,sequential,low,10_sp_gt_1,10,0.01,15
0,703,10,random,low,10_sp_gt_1,10,0.01,5
0,616,10,even,low,10_sp_gt_1,10,0.1,10
0,1013,10,even,low,10_sp_gt_1,50,0.05,10
0,1019,10,even,low,10_sp_gt_1,50,0.1,5
0,901,10,sequential,low,10_sp_gt_1,10,0.05,5
0,1058,10,sequential,low,10_sp_gt_1,50,0.01,10
0,850,10,even,low,10_sp_gt_1,10,0.05,10
0,849,10,even,low,10_sp_gt_1,5,0.05,10
0,863,10,even,low,10_sp_gt_1,50,0.1,15
0,1057,10,sequential,low,10_sp_gt_1,10,0.01,10
0,1020,10,even,low,10_sp_gt_1,5,0.1,10
0,902,10,sequential,low,10_sp_gt_1,50,0.05,5
0,1014,10,even,low,10_sp_gt_1,5,0.05,15
0,615,10,even,low,10_sp_gt_1,5,0.1,10
0,704,10,random,low,10_sp_gt_1,50,0.01,5
0,711,10,random,low,10_sp_gt_1,5,0.05,5
0,717,10,random,low,10_sp_gt_1,5,0.05,15
0,913,10,sequential,low,10_sp_gt_1,10,0.1,10
0,1001,10,even,low,10_sp_gt_1,50,0.01,5
0,952,10,random,low,10_sp_gt_1,10,0.01,15
0,958,10,random,low,10_sp_gt_1,10,0.05,10
0,1121,10,random,low,10_sp_gt_1,50,0.05,10
0,1107,10,random,low,10_sp_gt_1,5,0.01,5
0,1108,10,random,low,10_sp_gt_1,10,0.01,5
0,1122,10,random,low,10_sp_gt_1,5,0.05,15
0,957,10,random,low,10_sp_gt_1,5,0.05,10
0,951,10,random,low,10_sp_gt_1,5,0.01,15
0,1002,10,even,low,10_sp_gt_1,5,0.01,10
0,914,10,sequential,low,10_sp_gt_1,50,0.1,10
0,718,10,random,low,10_sp_gt_1,10,0.05,15
0,712,10,random,low,10_sp_gt_1,10,0.05,5
0,720,10,random,low,10_sp_gt_1,5,0.1,5
0,714,10,random,low,10_sp_gt_1,5,0.05,10
0,605,10,even,low,10_sp_gt_1,50,0.05,5
0,946,10,random,low,10_sp_gt_1,10,0.01,5
0,1004,10,even,low,10_sp_gt_1,50,0.01,10
0,912,10,sequential,low,10_sp_gt_1,5,0.1,10
0,959,10,random,low,10_sp_gt_1,50,0.05,10
0,953,10,random,low,10_sp_gt_1,50,0.01,15
0,1110,10,random,low,10_sp_gt_1,5,0.01,10
0,1124,10,random,low,10_sp_gt_1,50,0.05,15
0,1123,10,random,low,10_sp_gt_1,10,0.05,15
0,1109,10,random,low,10_sp_gt_1,50,0.01,5
0,954,10,random,low,10_sp_gt_1,5,0.05,5
0,960,10,random,low,10_sp_gt_1,5,0.05,15
0,911,10,sequential,low,10_sp_gt_1,50,0.1,5
0,917,10,sequential,low,10_sp_gt_1,50,0.1,15
0,1003,10,even,low,10_sp_gt_1,10,0.01,10
0,945,10,random,low,10_sp_gt_1,5,0.01,5
0,606,10,even,low,10_sp_gt_1,5,0.05,10
0,713,10,random,low,10_sp_gt_1,50,0.05,5
0,719,10,random,low,10_sp_gt_1,50,0.05,15
0,723,10,random,low,10_sp_gt_1,5,0.1,10
0,709,10,random,low,10_sp_gt_1,10,0.01,15
0,596,10,even,low,10_sp_gt_1,50,0.01,5
0,999,10,even,low,10_sp_gt_1,5,0.01,5
0,907,10,sequential,low,10_sp_gt_1,10,0.05,15
0,964,10,random,low,10_sp_gt_1,10,0.1,5
0,950,10,random,low,10_sp_gt_1,50,0.01,10
0,1113,10,random,low,10_sp_gt_1,5,0.01,15
0,1119,10,random,low,10_sp_gt_1,5,0.05,10
0,1120,10,random,low,10_sp_gt_1,10,0.05,10
0,1114,10,random,low,10_sp_gt_1,10,0.01,15
0,949,10,random,low,10_sp_gt_1,10,0.01,10
0,963,10,random,low,10_sp_gt_1,5,0.1,5
0,908,10,sequential,low,10_sp_gt_1,50,0.05,15
0,1000,10,even,low,10_sp_gt_1,10,0.01,5
0,595,10,even,low,10_sp_gt_1,10,0.01,5
0,710,10,random,low,10_sp_gt_1,50,0.01,15
0,724,10,random,low,10_sp_gt_1,10,0.1,10
0,708,10,random,low,10_sp_gt_1,5,0.01,15
0,722,10,random,low,10_sp_gt_1,50,0.1,5
0,910,10,sequential,low,10_sp_gt_1,10,0.1,5
0,947,10,random,low,10_sp_gt_1,50,0.01,5
0,961,10,random,low,10_sp_gt_1,10,0.05,15
0,1118,10,random,low,10_sp_gt_1,50,0.05,5
0,1112,10,random,low,10_sp_gt_1,50,0.01,10
0,1111,10,random,low,10_sp_gt_1,10,0.01,10
0,1117,10,random,low,10_sp_gt_1,10,0.05,5
0,962,10,random,low,10_sp_gt_1,50,0.05,15
0,948,10,random,low,10_sp_gt_1,5,0.01,10
0,909,10,sequential,low,10_sp_gt_1,5,0.1,5
0,721,10,random,low,10_sp_gt_1,10,0.1,5
0,707,10,random,low,10_sp_gt_1,50,0.01,10
0,593,3,even,low,3_sp_gt_1,50,0.1,15
0,996,3,even,low,3_sp_gt_1,5,0.1,15
0,934,3,random,low,3_sp_gt_1,10,0.05,15
0,982,3,even,low,3_sp_gt_1,10,0.05,5
0,940,3,random,low,3_sp_gt_1,10,0.1,10
0,981,3,even,low,3_sp_gt_1,5,0.05,5
0,939,3,random,low,3_sp_gt_1,5,0.1,10
0,933,3,random,low,3_sp_gt_1,5,0.05,15
0,995,3,even,low,3_sp_gt_1,50,0.1,10
0,592,3,even,low,3_sp_gt_1,10,0.1,15
0,586,3,even,low,3_sp_gt_1,10,0.1,5
0,925,3,random,low,3_sp_gt_1,10,0.01,15
0,937,3,random,low,3_sp_gt_1,10,0.1,5
0,983,3,even,low,3_sp_gt_1,50,0.05,5
0,931,3,random,low,3_sp_gt_1,10,0.05,10
0,932,3,random,low,3_sp_gt_1,50,0.05,10
0,938,3,random,low,3_sp_gt_1,50,0.1,5
0,984,3,even,low,3_sp_gt_1,5,0.05,10
0,926,3,random,low,3_sp_gt_1,50,0.01,15
0,585,3,even,low,3_sp_gt_1,5,0.1,5
0,591,3,even,low,3_sp_gt_1,5,0.1,15
0,587,3,even,low,3_sp_gt_1,50,0.1,5
0,980,3,even,low,3_sp_gt_1,50,0.01,15
0,942,3,random,low,3_sp_gt_1,5,0.1,15
0,928,3,random,low,3_sp_gt_1,10,0.05,5
0,974,3,even,low,3_sp_gt_1,50,0.01,5
0,927,3,random,low,3_sp_gt_1,5,0.05,5
0,973,3,even,low,3_sp_gt_1,10,0.01,5
0,979,3,even,low,3_sp_gt_1,10,0.01,15
0,941,3,random,low,3_sp_gt_1,50,0.1,10
0,588,3,even,low,3_sp_gt_1,5,0.1,10
0,590,3,even,low,3_sp_gt_1,50,0.1,10
0,929,3,random,low,3_sp_gt_1,50,0.05,5
0,943,3,random,low,3_sp_gt_1,10,0.1,15
0,977,3,even,low,3_sp_gt_1,50,0.01,10
0,944,3,random,low,3_sp_gt_1,50,0.1,15
0,978,3,even,low,3_sp_gt_1,5,0.01,15
0,972,3,even,low,3_sp_gt_1,5,0.01,5
0,930,3,random,low,3_sp_gt_1,5,0.05,10
0,589,3,even,low,3_sp_gt_1,10,0.1,10
0,679,3,random,low,3_sp_gt_1,10,0.01,10
0,646,3,sequential,low,3_sp_gt_1,50,0.1,15
0,1029,3,sequential,low,3_sp_gt_1,10,0.01,10
0,871,3,sequential,low,3_sp_gt_1,50,0.01,15
0,877,3,sequential,low,3_sp_gt_1,50,0.05,10
0,1043,3,sequential,low,3_sp_gt_1,5,0.1,5
0,825,3,even,low,3_sp_gt_1,5,0.05,15
0,1083,3,random,low,3_sp_gt_1,5,0.01,10
0,831,3,even,low,3_sp_gt_1,5,0.1,10
0,832,3,even,low,3_sp_gt_1,10,0.1,10
0,1084,3,random,low,3_sp_gt_1,10,0.01,10
0,826,3,even,low,3_sp_gt_1,10,0.05,15
0,878,3,sequential,low,3_sp_gt_1,5,0.05,15
0,1044,3,sequential,low,3_sp_gt_1,10,0.1,5
0,1030,3,sequential,low,3_sp_gt_1,50,0.01,10
0,872,3,sequential,low,3_sp_gt_1,5,0.05,5
0,645,3,sequential,low,3_sp_gt_1,10,0.1,15
0,680,3,random,low,3_sp_gt_1,50,0.01,10
0,678,3,random,low,3_sp_gt_1,5,0.01,10
0,1042,3,sequential,low,3_sp_gt_1,50,0.05,15
0,880,3,sequential,low,3_sp_gt_1,50,0.05,15
0,874,3,sequential,low,3_sp_gt_1,50,0.05,5
0,1028,3,sequential,low,3_sp_gt_1,5,0.01,10
0,1096,3,random,low,3_sp_gt_1,10,0.05,15
0,834,3,even,low,3_sp_gt_1,5,0.1,15
0,1082,3,random,low,3_sp_gt_1,50,0.01,5
0,865,3,sequential,low,3_sp_gt_1,50,0.01,5
0,866,3,sequential,low,3_sp_gt_1,5,0.01,10
0,1081,3,random,low,3_sp_gt_1,10,0.01,5
0,833,3,even,low,3_sp_gt_1,50,0.1,10
0,1095,3,random,low,3_sp_gt_1,5,0.05,15
0,873,3,sequential,low,3_sp_gt_1,10,0.05,5
0,1027,3,sequential,low,3_sp_gt_1,50,0.01,5
0,1041,3,sequential,low,3_sp_gt_1,10,0.05,15
0,879,3,sequential,low,3_sp_gt_1,10,0.05,15
0,620,3,sequential,low,3_sp_gt_1,5,0.01,5
0,677,3,random,low,3_sp_gt_1,50,0.01,5
0,681,3,random,low,3_sp_gt_1,5,0.01,15
0,695,3,random,low,3_sp_gt_1,50,0.1,5
0,624,3,sequential,low,3_sp_gt_1,10,0.01,10
0,883,3,sequential,low,3_sp_gt_1,50,0.1,5
0,1037,3,sequential,low,3_sp_gt_1,5,0.05,10
0,1031,3,sequential,low,3_sp_gt_1,5,0.01,15
0,869,3,sequential,low,3_sp_gt_1,5,0.01,15
0,576,3,even,low,3_sp_gt_1,5,0.05,5
0,1025,3,sequential,low,3_sp_gt_1,5,0.01,5
0,829,3,even,low,3_sp_gt_1,10,0.1,5
0,1105,3,random,low,3_sp_gt_1,10,0.1,15
0,1106,3,random,low,3_sp_gt_1,50,0.1,15
0,830,3,even,low,3_sp_gt_1,50,0.1,5
0,1026,3,sequential,low,3_sp_gt_1,10,0.01,5
0,575,3,even,low,3_sp_gt_1,50,0.01,15
0,1032,3,sequential,low,3_sp_gt_1,10,0.01,15
0,870,3,sequential,low,3_sp_gt_1,10,0.01,15
0,884,3,sequential,low,3_sp_gt_1,5,0.1,10
0,1038,3,sequential,low,3_sp_gt_1,10,0.05,10
0,623,3,sequential,low,3_sp_gt_1,5,0.01,10
0,696,3,random,low,3_sp_gt_1,5,0.1,10
0,682,3,random,low,3_sp_gt_1,10,0.01,15
0,684,3,random,low,3_sp_gt_1,5,0.05,5
0,635,3,sequential,low,3_sp_gt_1,5,0.05,15
0,621,3,sequential,low,3_sp_gt_1,10,0.01,5
0,868,3,sequential,low,3_sp_gt_1,50,0.01,10
0,1034,3,sequential,low,3_sp_gt_1,5,0.05,5
0,1040,3,sequential,low,3_sp_gt_1,5,0.05,15
0,882,3,sequential,low,3_sp_gt_1,10,0.1,5
0,1080,3,random,low,3_sp_gt_1,5,0.01,5
0,828,3,even,low,3_sp_gt_1,5,0.1,5
0,816,3,even,low,3_sp_gt_1,5,0.01,15
0,815,3,even,low,3_sp_gt_1,50,0.01,10
0,827,3,even,low,3_sp_gt_1,50,0.05,15
0,1039,3,sequential,low,3_sp_gt_1,50,0.05,10
0,881,3,sequential,low,3_sp_gt_1,5,0.1,5
0,867,3,sequential,low,3_sp_gt_1,10,0.01,10
0,1033,3,sequential,low,3_sp_gt_1,50,0.01,15
0,622,3,sequential,low,3_sp_gt_1,50,0.01,5
0,636,3,sequential,low,3_sp_gt_1,10,0.05,15
0,683,3,random,low,3_sp_gt_1,50,0.01,15
0,694,3,random,low,3_sp_gt_1,10,0.1,5
0,700,3,random,low,3_sp_gt_1,10,0.1,15
0,631,3,sequential,low,3_sp_gt_1,50,0.05,5
0,637,3,sequential,low,3_sp_gt_1,50,0.05,15
0,625,3,sequential,low,3_sp_gt_1,50,0.01,10
0,886,3,sequential,low,3_sp_gt_1,50,0.1,10
0,573,3,even,low,3_sp_gt_1,5,0.01,15
0,1047,3,sequential,low,3_sp_gt_1,10,0.1,10
0,1104,3,random,low,3_sp_gt_1,5,0.1,15
0,818,3,even,low,3_sp_gt_1,50,0.01,15
0,812,3,even,low,3_sp_gt_1,50,0.01,5
0,1090,3,random,low,3_sp_gt_1,10,0.05,5
0,811,3,even,low,3_sp_gt_1,10,0.01,5
0,1089,3,random,low,3_sp_gt_1,5,0.05,5
0,1103,3,random,low,3_sp_gt_1,50,0.1,10
0,817,3,even,low,3_sp_gt_1,10,0.01,15
0,1048,3,sequential,low,3_sp_gt_1,50,0.1,10
0,574,3,even,low,3_sp_gt_1,10,0.01,15
0,885,3,sequential,low,3_sp_gt_1,10,0.1,10
0,626,3,sequential,low,3_sp_gt_1,5,0.01,15
0,638,3,sequential,low,3_sp_gt_1,5,0.1,5
0,632,3,sequential,low,3_sp_gt_1,5,0.05,10
0,699,3,random,low,3_sp_gt_1,5,0.1,15
0,693,3,random,low,3_sp_gt_1,5,0.1,5
0,685,3,random,low,3_sp_gt_1,10,0.05,5
0,697,3,random,low,3_sp_gt_1,10,0.1,10
0,691,3,random,low,3_sp_gt_1,10,0.05,15
0,640,3,sequential,low,3_sp_gt_1,50,0.1,5
0,634,3,sequential,low,3_sp_gt_1,50,0.05,10
0,1035,3,sequential,low,3_sp_gt_1,10,0.05,5
0,572,3,even,low,3_sp_gt_1,50,0.01,10
0,1050,3,sequential,low,3_sp_gt_1,10,0.1,15
0,1087,3,random,low,3_sp_gt_1,10,0.01,15
0,813,3,even,low,3_sp_gt_1,5,0.01,10
0,819,3,even,low,3_sp_gt_1,5,0.05,5
0,1101,3,random,low,3_sp_gt_1,5,0.1,10
0,820,3,even,low,3_sp_gt_1,10,0.05,5
0,1102,3,random,low,3_sp_gt_1,10,0.1,10
0,1088,3,random,low,3_sp_gt_1,50,0.01,15
0,814,3,even,low,3_sp_gt_1,10,0.01,10
0,1049,3,sequential,low,3_sp_gt_1,5,0.1,15
0,571,3,even,low,3_sp_gt_1,10,0.01,10
0,1036,3,sequential,low,3_sp_gt_1,50,0.05,5
0,633,3,sequential,low,3_sp_gt_1,10,0.05,10
0,639,3,sequential,low,3_sp_gt_1,10,0.1,5
0,692,3,random,low,3_sp_gt_1,50,0.05,15
0,698,3,random,low,3_sp_gt_1,50,0.1,10
0,686,3,random,low,3_sp_gt_1,50,0.05,5
0,688,3,random,low,3_sp_gt_1,10,0.05,10
0,676,3,random,low,3_sp_gt_1,10,0.01,5
0,643,3,sequential,low,3_sp_gt_1,50,0.1,10
0,629,3,sequential,low,3_sp_gt_1,5,0.05,5
0,567,3,even,low,3_sp_gt_1,5,0.01,5
0,1046,3,sequential,low,3_sp_gt_1,5,0.1,10
0,810,3,even,low,3_sp_gt_1,5,0.01,5
0,1092,3,random,low,3_sp_gt_1,5,0.05,10
0,1098,3,random,low,3_sp_gt_1,5,0.1,5
0,824,3,even,low,3_sp_gt_1,50,0.05,10
0,1086,3,random,low,3_sp_gt_1,5,0.01,15
0,1085,3,random,low,3_sp_gt_1,50,0.01,10
0,1097,3,random,low,3_sp_gt_1,50,0.05,15
0,823,3,even,low,3_sp_gt_1,10,0.05,10
0,1091,3,random,low,3_sp_gt_1,50,0.05,5
0,1045,3,sequential,low,3_sp_gt_1,50,0.1,5
0,889,3,sequential,low,3_sp_gt_1,50,0.1,15
0,568,3,even,low,3_sp_gt_1,10,0.01,5
0,630,3,sequential,low,3_sp_gt_1,10,0.05,5
0,644,3,sequential,low,3_sp_gt_1,5,0.1,15
0,675,3,random,low,3_sp_gt_1,5,0.01,5
0,687,3,random,low,3_sp_gt_1,5,0.05,10
0,701,3,random,low,3_sp_gt_1,50,0.1,15
0,689,3,random,low,3_sp_gt_1,50,0.05,10
0,628,3,sequential,low,3_sp_gt_1,50,0.01,15
0,642,3,sequential,low,3_sp_gt_1,10,0.1,10
0,887,3,sequential,low,3_sp_gt_1,5,0.1,15
0,570,3,even,low,3_sp_gt_1,5,0.01,10
0,875,3,sequential,low,3_sp_gt_1,5,0.05,10
0,821,3,even,low,3_sp_gt_1,50,0.05,5
0,1099,3,random,low,3_sp_gt_1,10,0.1,5
0,1093,3,random,low,3_sp_gt_1,10,0.05,10
0,835,3,even,low,3_sp_gt_1,10,0.1,15
0,864,3,sequential,low,3_sp_gt_1,10,0.01,5
0,863,3,sequential,low,3_sp_gt_1,5,0.01,5
0,836,3,even,low,3_sp_gt_1,50,0.1,15
0,1094,3,random,low,3_sp_gt_1,50,0.05,10
0,822,3,even,low,3_sp_gt_1,5,0.05,10
0,1100,3,random,low,3_sp_gt_1,50,0.1,5
0,1051,3,sequential,low,3_sp_gt_1,50,0.1,15
0,876,3,sequential,low,3_sp_gt_1,10,0.05,10
0,569,3,even,low,3_sp_gt_1,50,0.01,5
0,888,3,sequential,low,3_sp_gt_1,10,0.1,15
0,641,3,sequential,low,3_sp_gt_1,5,0.1,10
0,627,3,sequential,low,3_sp_gt_1,10,0.01,15
0,690,3,random,low,3_sp_gt_1,5,0.05,15
0,580,3,even,low,3_sp_gt_1,10,0.05,10
0,975,3,even,low,3_sp_gt_1,5,0.01,10
0,987,3,even,low,3_sp_gt_1,5,0.05,15
0,919,3,random,low,3_sp_gt_1,10,0.01,5
0,920,3,random,low,3_sp_gt_1,50,0.01,5
0,988,3,even,low,3_sp_gt_1,10,0.05,15
0,976,3,even,low,3_sp_gt_1,10,0.01,10
0,579,3,even,low,3_sp_gt_1,5,0.05,10
0,577,3,even,low,3_sp_gt_1,10,0.05,5
0,918,3,random,low,3_sp_gt_1,5,0.01,5
0,990,3,even,low,3_sp_gt_1,5,0.1,5
0,989,3,even,low,3_sp_gt_1,50,0.05,15
0,578,3,even,low,3_sp_gt_1,50,0.05,5
0,582,3,even,low,3_sp_gt_1,5,0.05,15
0,921,3,random,low,3_sp_gt_1,5,0.01,10
0,993,3,even,low,3_sp_gt_1,5,0.1,10
0,935,3,random,low,3_sp_gt_1,50,0.05,15
0,936,3,random,low,3_sp_gt_1,5,0.1,5
0,994,3,even,low,3_sp_gt_1,10,0.1,10
0,922,3,random,low,3_sp_gt_1,10,0.01,10
0,581,3,even,low,3_sp_gt_1,50,0.05,10
0,583,3,even,low,3_sp_gt_1,10,0.05,15
0,992,3,even,low,3_sp_gt_1,50,0.1,5
0,924,3,random,low,3_sp_gt_1,5,0.01,15
0,998,3,even,low,3_sp_gt_1,50,0.1,15
0,986,3,even,low,3_sp_gt_1,50,0.05,10
0,985,3,even,low,3_sp_gt_1,10,0.05,10
0,923,3,random,low,3_sp_gt_1,50,0.01,10
0,997,3,even,low,3_sp_gt_1,10,0.1,15
0,991,3,even,low,3_sp_gt_1,10,0.1,5
0,584,3,even,low,3_sp_gt_1,50,0.05,15
0,732,100,even,low,100_sp_gt,5,0.01,10
0,738,100,even,low,100_sp_gt,5,0.05,5
0,780,100,sequential,low,100_sp_gt,5,0.1,15
0,774,100,sequential,low,100_sp_gt,5,0.1,5
0,773,100,sequential,low,100_sp_gt,50,0.05,15
0,779,100,sequential,low,100_sp_gt,50,0.1,10
0,737,100,even,low,100_sp_gt,50,0.01,15
0,731,100,even,low,100_sp_gt,50,0.01,5
0,739,100,even,low,100_sp_gt,10,0.05,5
0,733,100,even,low,100_sp_gt,10,0.01,10
0,766,100,sequential,low,100_sp_gt,10,0.05,5
0,805,10,random,low,100_sp_gt,10,0.1,10
0,771,100,sequential,low,100_sp_gt,5,0.05,15
0,777,100,sequential,low,100_sp_gt,5,0.1,10
0,778,100,sequential,low,100_sp_gt,10,0.1,10
0,772,100,sequential,low,100_sp_gt,10,0.05,15
0,806,10,random,low,100_sp_gt,50,0.1,10
0,765,100,sequential,low,100_sp_gt,5,0.05,5
0,734,100,even,low,100_sp_gt,50,0.01,10
0,740,100,even,low,100_sp_gt,50,0.05,5
0,744,100,even,low,100_sp_gt,5,0.05,15
0,730,100,even,low,100_sp_gt,10,0.01,5
0,755,100,even,low,100_sp_gt,50,0.1,15
0,768,100,sequential,low,100_sp_gt,5,0.05,10
0,782,100,sequential,low,100_sp_gt,50,0.1,15
0,796,10,random,low,100_sp_gt,10,0.05,10
0,795,10,random,low,100_sp_gt,5,0.05,10
0,781,100,sequential,low,100_sp_gt,10,0.1,15
0,767,100,sequential,low,100_sp_gt,50,0.05,5
0,756,100,sequential,low,100_sp_gt,5,0.01,5
0,729,100,even,low,100_sp_gt,5,0.01,5
0,743,100,even,low,100_sp_gt,50,0.05,10
0,741,100,even,low,100_sp_gt,5,0.05,10
0,783,10,random,low,100_sp_gt,5,0.01,5
0,769,100,sequential,low,100_sp_gt,10,0.05,10
0,770,100,sequential,low,100_sp_gt,50,0.05,10
0,784,10,random,low,100_sp_gt,10,0.01,5
0,742,100,even,low,100_sp_gt,10,0.05,10
0,809,10,random,low,100_sp_gt,50,0.1,15
0,807,10,random,low,100_sp_gt,5,0.1,15
0,808,10,random,low,100_sp_gt,10,0.1,15
0,745,100,even,low,100_sp_gt,10,0.05,15
0,754,100,even,low,100_sp_gt,10,0.1,15
0,760,100,sequential,low,100_sp_gt,10,0.01,10
0,799,10,random,low,100_sp_gt,10,0.05,15
0,793,10,random,low,100_sp_gt,10,0.05,5
0,794,10,random,low,100_sp_gt,50,0.05,5
0,800,10,random,low,100_sp_gt,50,0.05,15
0,759,100,sequential,low,100_sp_gt,5,0.01,10
0,753,100,even,low,100_sp_gt,5,0.1,15
0,746,100,even,low,100_sp_gt,50,0.05,15
0,757,100,sequential,low,100_sp_gt,10,0.01,5
0,751,100,even,low,100_sp_gt,10,0.1,10
0,786,10,random,low,100_sp_gt,5,0.01,10
0,792,10,random,low,100_sp_gt,5,0.05,5
0,798,10,random,low,100_sp_gt,5,0.05,15
0,797,10,random,low,100_sp_gt,50,0.05,10
0,791,10,random,low,100_sp_gt,50,0.01,15
0,785,10,random,low,100_sp_gt,50,0.01,5
0,752,100,even,low,100_sp_gt,50,0.1,10
0,758,100,sequential,low,100_sp_gt,50,0.01,5
0,762,100,sequential,low,100_sp_gt,5,0.01,15
0,748,100,even,low,100_sp_gt,10,0.1,5
0,787,10,random,low,100_sp_gt,10,0.01,10
0,801,10,random,low,100_sp_gt,5,0.1,5
0,775,100,sequential,low,100_sp_gt,10,0.1,5
0,776,100,sequential,low,100_sp_gt,50,0.1,5
0,802,10,random,low,100_sp_gt,10,0.1,5
0,788,10,random,low,100_sp_gt,50,0.01,10
0,747,100,even,low,100_sp_gt,5,0.1,5
0,761,100,sequential,low,100_sp_gt,50,0.01,10
0,736,100,even,low,100_sp_gt,10,0.01,15
0,749,100,even,low,100_sp_gt,50,0.1,5
0,763,100,sequential,low,100_sp_gt,10,0.01,15
0,804,10,random,low,100_sp_gt,5,0.1,10
0,790,10,random,low,100_sp_gt,10,0.01,15
0,789,10,random,low,100_sp_gt,5,0.01,15
0,803,10,random,low,100_sp_gt,50,0.1,5
0,764,100,sequential,low,100_sp_gt,50,0.01,15
0,750,100,even,low,100_sp_gt,5,0.1,10
0,735,100,even,low,100_sp_gt,5,0.01,15
